0,1,2,3,4,5,6
"19.5 FIELDER GROUNDED BEYOND THE BOUNDARY
19.5.1 A fielder is grounded beyond the boundary if some part of
his/her person is in contact with any of the following:
- the boundary or any part of an object used to mark the
boundary;
- the ground beyond the boundary;
- any object that is in contact with the ground beyond the
boundary;
- another fielder who is grounded beyond the boundary, if the
umpire considers that it was the intention of either fielder that
the contact should assist in the fielding of the ball.
It is the last bullet point that is relevant in this case.
If two fielders are in contact accidentally, then the fielder within
the field of play is not deemed to be beyond the boundary. If,
however, the fielder beyond the boundary is doing something to
assist his/her team-mate, such as supporting or lifting them, then
such a wilful action would mean that both fielders are deemed to
be beyond the boundary.
LAWS OF CRICKET
LATEST NEWS",,,,,,
,,,,,,
,,,,,,
,,,,,,
,,,,,,
,,,,,,
