0,1,2
,"""This change will formally come into effect from 1 October 2022. This was done to
leave the crease at the non-striker’s end, prior to a bowler releasing the ball,"" the
""The Law is clear, as it needs to be for all umpires to be able to easily interpret thr
""Cricket is a broad church and the spirit by which it is played is no different. As cus
differently across the globe.
""Respectful debate is healthy and should continue, as where one person sees the b
striker gaining an unfair advantage by leaving their ground early.
""MCC's message to non-strikers continues to be to remain in their ground until the
seen yesterday, cannot happen.
""Whilst yesterday was indeed an unusual end to an exciting match, it was properly","clarify this matter and to place an onus on batters to ensure that they do not
statement read.
oughout all levels of the game and at all moments in the game.
todians of the Spirit of Cricket, MCC appreciates its application is interpreted
owler as breaching the Spirit in such examples, another will point at the non-
y have seen the ball leave the bowler's hand. Then dismissals, such as the one
officiated and should not be considered as anything more."""
