0,1
"The first half of that clause is clear – if the striker decides that
he/she is not ready for a delivery, steps back, and makes no
attempt to play the ball, the umpire shall call and signal Dead ball.
The umpire was entirely correct to do so in this situation, and
Inglis was rightly not given out.
The next question is whether the ball should count. Here the
umpire has to decide whether the striker had adequate reason for
not being ready.
As these still images show, as Watt goes into his ‘gather’, Inglis is
looking down at his feet – presumably expecting the bowler to
bowl from a ‘normal’ position, near the popping crease. Instead
Watt enters his delivery stride next to the umpire.
By the time the bowler’s back foot lands, Inglis has looked up, but
is clearly not expecting the delivery. He has made a significant
move away from the wicket before the ball is halfway down the
pitch.
With those facts in mind, it seems reasonable that Inglis had good
reason to not be ready – he was not anticipating a delivery from
next to the umpire. While such a delivery is perfectly allowed in
Law, if the striker is not expecting it, they have the right to
withdraw.
However, the umpire could, after this, mention to the batter that,
in future, he should be expecting such a delivery – a second,
similar delivery to the same batter could easily be treated
difefrently. In that case, the striker would still not be out Bowled –
the Law is clear that the striker has the right to step away from
the ball – but the ball would not be bowled again, and it would be
recorded as a dot ball. Furthermore, if the umpires felt that a
batter was deliberately refusing to be ready, as an attempt to gain
an advantage, they could turn to Law 41.10 (batter wasting time)
which could lead to a 5-run Penalty, and a report to the Governing
Body responsible for the match.",
,
,
